<?xml version="1.0" encoding="UTF-8" standalone="no"?>
<synergyConfiguration version="4">
  <generalSettings>
    <option key="#Board#" value="board.s5d9pk"/>
    <option key="CPU" value="S5D9"/>
    <option key="#TargetName#" value="R7FS5D97E3A01CFC"/>
    <option key="#TargetARCHITECTURE#" value="cortex-m4"/>
    <option key="#RTOS#" value="Express Logic ThreadX"/>
    <option key="#pinconfiguration#" value="S5D9-PK.pincfg"/>
    <option key="#SSPVersion#" value="1.7.5"/>
    <option key="#DefaultLinkerScript#" value="s5d9.ld"/>
    <option key="#ConfigurationFragments#" value="Renesas##BSP##Board##s5d9_pk##"/>
    <option key="#SELECTED_TOOLCHAIN#" value="gcc-arm-embedded"/>
  </generalSettings>
  <synergyBspConfiguration>
    <config id="config.bsp.s5d9.R7FS5D97E3A01CFC">
      <property id="config.bsp.part_number" value="config.bsp.part_number.value"/>
      <property id="config.bsp.rom_size_bytes" value="config.bsp.rom_size_bytes.value"/>
      <property id="config.bsp.ram_size_bytes" value="config.bsp.ram_size_bytes.value"/>
      <property id="config.bsp.data_flash_size_bytes" value="config.bsp.data_flash_size_bytes.value"/>
      <property id="config.bsp.package_style" value="config.bsp.package_style.value"/>
      <property id="config.bsp.package_pins" value="config.bsp.package_pins.value"/>
    </config>
    <config id="config.bsp.s5d9">
      <property id="config.bsp.series" value="config.bsp.series.value"/>
    </config>
    <config id="config.bsp.s5d9.ssp">
      <property id="config.bsp.s5d9.ssp.OFS0" value="config.bsp.s5d9.ssp.OFS0_Register.default"/>
      <property id="config.bsp.s5d9.ssp.OFS0.iwdt_start_mode" value="config.bsp.s5d9.ssp.OFS0.iwdt_start_mode.disabled"/>
      <property id="config.bsp.s5d9.ssp.OFS0.iwdt_timeout" value="config.bsp.s5d9.ssp.OFS0.iwdt_timeout.2048"/>
      <property id="config.bsp.s5d9.ssp.OFS0.iwdt_divisor" value="config.bsp.s5d9.ssp.OFS0.iwdt_divisor.128"/>
      <property id="config.bsp.s5d9.ssp.OFS0.iwdt_window_end" value="config.bsp.s5d9.ssp.OFS0.iwdt_window_end.0"/>
      <property id="config.bsp.s5d9.ssp.OFS0.iwdt_window_start" value="config.bsp.s5d9.ssp.OFS0.iwdt_window_start.100"/>
      <property id="config.bsp.s5d9.ssp.OFS0.iwdt_reset_interrupt" value="config.bsp.s5d9.ssp.OFS0.iwdt_reset_interrupt.Reset"/>
      <property id="config.bsp.s5d9.ssp.OFS0.iwdt_stop_control" value="config.bsp.s5d9.ssp.OFS0.iwdt_stop_control.stops"/>
      <property id="config.bsp.s5d9.ssp.OFS0.wdt_start_mode" value="config.bsp.s5d9.ssp.OFS0.wdt_start_mode.register"/>
      <property id="config.bsp.s5d9.ssp.OFS0.wdt_timeout" value="config.bsp.s5d9.ssp.OFS0.wdt_timeout.16384"/>
      <property id="config.bsp.s5d9.ssp.OFS0.wdt_divisor" value="config.bsp.s5d9.ssp.OFS0.wdt_divisor.128"/>
      <property id="config.bsp.s5d9.ssp.OFS0.wdt_window_end" value="config.bsp.s5d9.ssp.OFS0.wdt_window_end.0"/>
      <property id="config.bsp.s5d9.ssp.OFS0.wdt_window_start" value="config.bsp.s5d9.ssp.OFS0.wdt_window_start.100"/>
      <property id="config.bsp.s5d9.ssp.OFS0.wdt_reset_interrupt" value="config.bsp.s5d9.ssp.OFS0.wdt_reset_interrupt.Reset"/>
      <property id="config.bsp.s5d9.ssp.OFS0.wdt_stop_control" value="config.bsp.s5d9.ssp.OFS0.wdt_stop_control.stops"/>
      <property id="config.bsp.s5d9.ssp.OFS1" value="config.bsp.s5d9.ssp.OFS1_Register.default"/>
      <property id="config.bsp.s5d9.ssp.OFS1.voltage_detection0.start" value="config.bsp.s5d9.ssp.OFS1.voltage_detection0.start.disabled"/>
      <property id="config.bsp.s5d9.ssp.OFS1.voltage_detection0_level" value="config.bsp.s5d9.ssp.OFS1.voltage_detection0_level.280"/>
      <property id="config.bsp.s5d9.ssp.OFS1.hoco_osc" value="config.bsp.s5d9.ssp.OFS1.hoco_osc.disabled"/>
      <property id="config.bsp.s5d9.ssp.mpu_pc0_enable" value="config.bsp.s5d9.ssp.mpu_pc0_enable.disabled"/>
      <property id="config.bsp.s5d9.ssp.mpu_pc0_start" value="0xFFFFFFFC"/>
      <property id="config.bsp.s5d9.ssp.mpu_pc0_end" value="0xFFFFFFFF"/>
      <property id="config.bsp.s5d9.ssp.mpu_pc1_enable" value="config.bsp.s5d9.ssp.mpu_pc1_enable.disabled"/>
      <property id="config.bsp.s5d9.ssp.mpu_pc1_start" value="0xFFFFFFFC"/>
      <property id="config.bsp.s5d9.ssp.mpu_pc1_end" value="0xFFFFFFFF"/>
      <property id="config.bsp.s5d9.ssp.mpu_reg0_enable" value="config.bsp.s5d9.ssp.mpu_reg0_enable.disabled"/>
      <property id="config.bsp.s5d9.ssp.mpu_reg0_start" value="0x00FFFFFC"/>
      <property id="config.bsp.s5d9.ssp.mpu_reg0_end" value="0x00FFFFFF"/>
      <property id="config.bsp.s5d9.ssp.mpu_reg1_enable" value="config.bsp.s5d9.ssp.mpu_reg1_enable.disabled"/>
      <property id="config.bsp.s5d9.ssp.mpu_reg1_start" value="0x200FFFFC"/>
      <property id="config.bsp.s5d9.ssp.mpu_reg1_end" value="0x200FFFFF"/>
      <property id="config.bsp.s5d9.ssp.mpu_reg2_enable" value="config.bsp.s5d9.ssp.mpu_reg2_enable.disabled"/>
      <property id="config.bsp.s5d9.ssp.mpu_reg2_start" value="0x407FFFFC"/>
      <property id="config.bsp.s5d9.ssp.mpu_reg2_end" value="0x407FFFFF"/>
      <property id="config.bsp.s5d9.ssp.mpu_reg3_enable" value="config.bsp.s5d9.ssp.mpu_reg3_enable.disabled"/>
      <property id="config.bsp.s5d9.ssp.mpu_reg3_start" value="0x400DFFFC"/>
      <property id="config.bsp.s5d9.ssp.mpu_reg3_end" value="0x400DFFFF"/>
    </config>
    <config id="config.bsp.synergy">
      <property id="config.bsp.common.main" value="0x800"/>
      <property id="config.bsp.common.process" value="0"/>
      <property id="config.bsp.common.heap" value="0x1000"/>
      <property id="config.bsp.common.vcc" value="3300"/>
      <property id="config.bsp.common.avcc0" value="3300"/>
      <property id="config.bsp.common.checking" value="config.bsp.common.checking.enabled"/>
      <property id="config.bsp.common.assert" value="config.bsp.common.assert.none"/>
      <property id="config.bsp.common.error_log" value="config.bsp.common.error_log.none"/>
      <property id="config.bsp.common.id_mode" value="config.bsp.common.id_mode.unlocked"/>
      <property id="config.bsp.common.id_code" value="FFFFFFFFFFFFFFFFFFFFFFFFFFFFFFFF"/>
      <property id="config.bsp.common.id1" value=""/>
      <property id="config.bsp.common.id2" value=""/>
      <property id="config.bsp.common.id3" value=""/>
      <property id="config.bsp.common.id4" value=""/>
      <property id="config.bsp.common.id_fixed" value=""/>
    </config>
  </synergyBspConfiguration>
  <synergyClockConfiguration>
    <node id="board.clock.xtal.freq" mul="24000000" option="_edit"/>
    <node id="board.clock.usbmclk.freq" option="board.clock.usbmclk.freq"/>
    <node id="board.clock.pll.source" option="board.clock.pll.source.xtal"/>
    <node id="board.clock.hoco.freq" option="board.clock.hoco.freq.20m"/>
    <node id="board.clock.loco.freq" option="board.clock.loco.freq.32768"/>
    <node id="board.clock.moco.freq" option="board.clock.moco.freq.8m"/>
    <node id="board.clock.subclk.freq" option="board.clock.subclk.freq.32768"/>
    <node id="board.clock.pll.div" option="board.clock.pll.div.2"/>
    <node id="board.clock.pll.mul" option="board.clock.pll.mul.200"/>
    <node id="board.clock.pll.display" option="board.clock.pll.display.value"/>
    <node id="board.clock.clock.source" option="board.clock.clock.source.pll"/>
    <node id="board.clock.iclk.div" option="board.clock.iclk.div.2"/>
    <node id="board.clock.iclk.display" option="board.clock.iclk.display.value"/>
    <node id="board.clock.pclka.div" option="board.clock.pclka.div.2"/>
    <node id="board.clock.pclka.display" option="board.clock.pclka.display.value"/>
    <node id="board.clock.pclkb.div" option="board.clock.pclkb.div.4"/>
    <node id="board.clock.pclkb.display" option="board.clock.pclkb.display.value"/>
    <node id="board.clock.pclkc.div" option="board.clock.pclkc.div.4"/>
    <node id="board.clock.pclkc.display" option="board.clock.pclkc.display.value"/>
    <node id="board.clock.pclkd.div" option="board.clock.pclkd.div.2"/>
    <node id="board.clock.pclkd.display" option="board.clock.pclkd.display.value"/>
    <node id="board.clock.sdclkout.div" option="board.clock.sdclkout.div.1"/>
    <node id="board.clock.sdclkout.display" option="board.clock.sdclkout.display.value"/>
    <node id="board.clock.bclk.div" option="board.clock.bclk.div.2"/>
    <node id="board.clock.bclk.display" option="board.clock.bclk.display.value"/>
    <node id="board.clock.bclkout.div" option="board.clock.bclkout.div.2"/>
    <node id="board.clock.bclkout.display" option="board.clock.bclkout.display.value"/>
    <node id="board.clock.uclk.div" option="board.clock.uclk.div.5"/>
    <node id="board.clock.uclk.display" option="board.clock.uclk.display.value"/>
    <node id="board.clock.fclk.div" option="board.clock.fclk.div.4"/>
    <node id="board.clock.fclk.display" option="board.clock.fclk.display.value"/>
  </synergyClockConfiguration>
  <synergyComponentSelection>
    <component apiversion="" class="BSP" condition="" group="s5d9" subgroup="device" variant="R7FS5D97E3A01CFC" vendor="Renesas" version="1.7.5">
      <description>Board support package for R7FS5D97E3A01CFC</description>
      <originalPack>Renesas.Synergy_mcu_s5d9.1.7.5.pack</originalPack>
    </component>
    <component apiversion="" class="BSP" condition="" group="s5d9" subgroup="device" variant="" vendor="Renesas" version="1.7.5">
      <description>Board support package for S5D9</description>
      <originalPack>Renesas.Synergy_mcu_s5d9.1.7.5.pack</originalPack>
    </component>
    <component apiversion="" class="BSP" condition="" group="s5d9" subgroup="ssp" variant="" vendor="Renesas" version="1.7.5">
      <description>Board support package for S5D9</description>
      <originalPack>Renesas.Synergy_mcu_s5d9.1.7.5.pack</originalPack>
    </component>
    <component apiversion="" class="BSP" condition="" group="Board" subgroup="s5d9_pk" variant="" vendor="Renesas" version="1.7.5">
      <description>S5D9_PK Board Support Files</description>
      <originalPack>Renesas.Synergy_board_s5d9_pk.1.7.5.pack</originalPack>
    </component>
    <component apiversion="" class="Common" condition="" group="all" subgroup="ssp_common" variant="" vendor="Renesas" version="1.7.5">
      <description>SSP Common Code</description>
      <originalPack>Renesas.Synergy.1.7.5.pack</originalPack>
    </component>
    <component apiversion="" class="HAL Drivers" condition="" group="all" subgroup="r_cgc" variant="" vendor="Renesas" version="1.7.5">
      <description>Clock Generation Circuit: Provides=[CGC]</description>
      <originalPack>Renesas.Synergy.1.7.5.pack</originalPack>
    </component>
    <component apiversion="" class="HAL Drivers" condition="" group="all" subgroup="r_elc" variant="" vendor="Renesas" version="1.7.5">
      <description>Event Link Controller: Provides=[ELC]</description>
      <originalPack>Renesas.Synergy.1.7.5.pack</originalPack>
    </component>
    <component apiversion="" class="HAL Drivers" condition="" group="all" subgroup="r_fmi" variant="" vendor="Renesas" version="1.7.5">
      <description>Factory MCU Information Module: Provides=[FMI]</description>
      <originalPack>Renesas.Synergy.1.7.5.pack</originalPack>
    </component>
    <component apiversion="" class="HAL Drivers" condition="" group="all" subgroup="r_ioport" variant="" vendor="Renesas" version="1.7.5">
      <description>I/O Port: Provides=[IO Port]</description>
      <originalPack>Renesas.Synergy.1.7.5.pack</originalPack>
    </component>
    <component apiversion="" class="HAL Drivers" condition="" group="all" subgroup="r_adc" variant="" vendor="Renesas" version="1.7.5">
      <description>A/D Converter: Provides=[ADC]</description>
      <originalPack>Renesas.Synergy.1.7.5.pack</originalPack>
    </component>
    <component apiversion="" class="Express Logic" condition="" group="all" subgroup="tx" variant="" vendor="Renesas" version="1.7.5">
      <description>Express Logic ThreadX: Provides=[ThreadX]</description>
      <originalPack>Renesas.Synergy.1.7.5.pack</originalPack>
    </component>
  </synergyComponentSelection>
  <synergyIcuConfiguration/>
  <synergyMessagingConfiguration/>
  <synergyModuleConfiguration>
    <module id="module.driver.cgc_on_cgc.0">
      <property id="module.driver.cgc.name" value="g_cgc"/>
    </module>
    <module id="module.driver.elc_on_elc.0">
      <property id="module.driver.elc.name" value="g_elc"/>
    </module>
    <module id="module.driver.ioport_on_ioport.0">
      <property id="module.driver.ioport.name" value="g_ioport"/>
    </module>
    <module id="module.driver.fmi_on_fmi.0">
      <property id="module.driver.fmi.name" value="g_fmi"/>
    </module>
    <module id="module.driver.adc_on_adc.1904216187">
      <property id="module.driver.adc.name" value="g_adc0"/>
      <property id="module.driver.adc.unit" value="module.driver.adc.unit.unit0"/>
      <property id="module.driver.adc.resolution" value="module.driver.adc.resolution.resolution_12_bit"/>
      <property id="module.driver.adc.alignment" value="module.driver.adc.alignment.alignment_right"/>
      <property id="module.driver.adc.clearing" value="module.driver.adc.clearing.clear_after_read_on"/>
      <property id="module.driver.adc.mode" value="module.driver.adc.mode.mode_continuous_scan"/>
      <property id="module.driver.adc.skip_internal_calibration" value="module.driver.adc.skip_internal_calibration.skip_internal_calibration_false"/>
      <property id="module.driver.adc.scan_mask" value="module.driver.adc.scan_mask.default"/>
      <property id="module.driver.adc.channel_0" value="module.driver.adc.channel_0.pga0"/>
      <property id="module.driver.adc.channel_1" value="module.driver.adc.channel_1.pga1"/>
      <property id="module.driver.adc.channel_2" value="module.driver.adc.channel_2.pga2"/>
      <property id="module.driver.adc.channel_3" value="module.driver.adc.channel_3.used"/>
      <property id="module.driver.adc.channel_4" value="module.driver.adc.channel_4.used"/>
      <property id="module.driver.adc.channel_5" value="module.driver.adc.channel_5.used"/>
      <property id="module.driver.adc.channel_6" value="module.driver.adc.channel_6.used"/>
      <property id="module.driver.adc.channel_7" value="module.driver.adc.channel_7.used"/>
      <property id="module.driver.adc.channel_8" value="module.driver.adc.scan_mask.channel_8.unused"/>
      <property id="module.driver.adc.channel_9" value="module.driver.adc.scan_mask.channel_9.unused"/>
      <property id="module.driver.adc.channel_10" value="module.driver.adc.scan_mask.channel_10.unused"/>
      <property id="module.driver.adc.channel_11" value="module.driver.adc.scan_mask.channel_11.unused"/>
      <property id="module.driver.adc.channel_12" value="module.driver.adc.scan_mask.channel_12.unused"/>
      <property id="module.driver.adc.channel_13" value="module.driver.adc.scan_mask.channel_13.unused"/>
      <property id="module.driver.adc.channel_14" value="module.driver.adc.scan_mask.channel_14.unused"/>
      <property id="module.driver.adc.channel_15" value="module.driver.adc.scan_mask.channel_15.unused"/>
      <property id="module.driver.adc.channel_16" value="module.driver.adc.scan_mask.channel_16.unused"/>
      <property id="module.driver.adc.channel_17" value="module.driver.adc.scan_mask.channel_17.unused"/>
      <property id="module.driver.adc.channel_18" value="module.driver.adc.scan_mask.channel_18.unused"/>
      <property id="module.driver.adc.channel_19" value="module.driver.adc.scan_mask.channel_19.unused"/>
      <property id="module.driver.adc.channel_20" value="module.driver.adc.scan_mask.channel_20.unused"/>
      <property id="module.driver.adc.channel_21" value="module.driver.adc.scan_mask.channel_21.unused"/>
      <property id="module.driver.adc.channel_22" value="module.driver.adc.scan_mask.channel_22.unused"/>
      <property id="module.driver.adc.channel_23" value="module.driver.adc.scan_mask.channel_23.unused"/>
      <property id="module.driver.adc.channel_24" value="module.driver.adc.scan_mask.channel_24.unused"/>
      <property id="module.driver.adc.channel_25" value="module.driver.adc.scan_mask.channel_25.unused"/>
      <property id="module.driver.adc.channel_26" value="module.driver.adc.scan_mask.channel_26.unused"/>
      <property id="module.driver.adc.channel_27" value="module.driver.adc.scan_mask.channel_27.unused"/>
      <property id="module.driver.adc.channel_temperature" value="module.driver.adc.scan_mask.channel_temperature.unused"/>
      <property id="module.driver.adc.channel_voltage" value="module.driver.adc.scan_mask.channel_voltage.unused"/>
      <property id="module.driver.adc.trigger" value="module.driver.adc.trigger.trigger_software"/>
      <property id="module.driver.adc.trigger_group_b" value="module.driver.adc.trigger_group_b.trigger_sync_elc"/>
      <property id="module.driver.adc.priority_group_a" value="module.driver.adc.priority_group_a.group_a_priority_off"/>
      <property id="module.driver.adc.add_average_count" value="module.driver.adc.add_average_count.add_off"/>
      <property id="module.driver.adc.add_mask" value="module.driver.adc.add_mask.default"/>
      <property id="module.driver.adc.add_mask.channel_0" value="module.driver.adc.add_mask.channel_0.unused"/>
      <property id="module.driver.adc.add_mask.channel_1" value="module.driver.adc.add_mask.channel_1.unused"/>
      <property id="module.driver.adc.add_mask.channel_2" value="module.driver.adc.add_mask.channel_2.unused"/>
      <property id="module.driver.adc.add_mask.channel_3" value="module.driver.adc.add_mask.channel_3.unused"/>
      <property id="module.driver.adc.add_mask.channel_4" value="module.driver.adc.add_mask.channel_4.unused"/>
      <property id="module.driver.adc.add_mask.channel_5" value="module.driver.adc.add_mask.channel_5.unused"/>
      <property id="module.driver.adc.add_mask.channel_6" value="module.driver.adc.add_mask.channel_6.unused"/>
      <property id="module.driver.adc.add_mask.channel_7" value="module.driver.adc.add_mask.channel_7.unused"/>
      <property id="module.driver.adc.add_mask.channel_8" value="module.driver.adc.add_mask.channel_8.unused"/>
      <property id="module.driver.adc.add_mask.channel_9" value="module.driver.adc.add_mask.channel_9.unused"/>
      <property id="module.driver.adc.add_mask.channel_10" value="module.driver.adc.add_mask.channel_10.unused"/>
      <property id="module.driver.adc.add_mask.channel_11" value="module.driver.adc.add_mask.channel_11.unused"/>
      <property id="module.driver.adc.add_mask.channel_12" value="module.driver.adc.add_mask.channel_12.unused"/>
      <property id="module.driver.adc.add_mask.channel_13" value="module.driver.adc.add_mask.channel_13.unused"/>
      <property id="module.driver.adc.add_mask.channel_14" value="module.driver.adc.add_mask.channel_14.unused"/>
      <property id="module.driver.adc.add_mask.channel_15" value="module.driver.adc.add_mask.channel_15.unused"/>
      <property id="module.driver.adc.add_mask.channel_16" value="module.driver.adc.add_mask.channel_16.unused"/>
      <property id="module.driver.adc.add_mask.channel_17" value="module.driver.adc.add_mask.channel_17.unused"/>
      <property id="module.driver.adc.add_mask.channel_18" value="module.driver.adc.add_mask.channel_18.unused"/>
      <property id="module.driver.adc.add_mask.channel_19" value="module.driver.adc.add_mask.channel_19.unused"/>
      <property id="module.driver.adc.add_mask.channel_20" value="module.driver.adc.add_mask.channel_20.unused"/>
      <property id="module.driver.adc.add_mask.channel_21" value="module.driver.adc.add_mask.channel_21.unused"/>
      <property id="module.driver.adc.add_mask.channel_22" value="module.driver.adc.add_mask.channel_22.unused"/>
      <property id="module.driver.adc.add_mask.channel_23" value="module.driver.adc.add_mask.channel_23.unused"/>
      <property id="module.driver.adc.add_mask.channel_24" value="module.driver.adc.add_mask.channel_24.unused"/>
      <property id="module.driver.adc.add_mask.channel_25" value="module.driver.adc.add_mask.channel_25.unused"/>
      <property id="module.driver.adc.add_mask.channel_26" value="module.driver.adc.add_mask.channel_26.unused"/>
      <property id="module.driver.adc.add_mask.channel_27" value="module.driver.adc.add_mask.channel_27.unused"/>
      <property id="module.driver.adc.add_mask.channel_temperature" value="module.driver.adc.add_mask.channel_temperature.unused"/>
      <property id="module.driver.adc.add_mask.channel_voltage" value="module.driver.adc.add_mask.channel_voltage.unused"/>
      <property id="module.driver.adc.sample_hold_mask" value="module.driver.adc.sample_hold_mask.default"/>
      <property id="module.driver.adc.sample_hold_mask.channel_0" value="module.driver.adc.sample_hold_mask.channel_0.used"/>
      <property id="module.driver.adc.sample_hold_mask.channel_1" value="module.driver.adc.sample_hold_mask.channel_1.used"/>
      <property id="module.driver.adc.sample_hold_mask.channel_2" value="module.driver.adc.sample_hold_mask.channel_2.used"/>
      <property id="module.driver.adc.sample_hold_states" value="24"/>
      <property id="module.driver.adc.p_callback" value="NULL"/>
      <property id="module.driver.adc.scan_end_ipl" value="board.icu.common.irq.priority4"/>
      <property id="module.driver.adc.scan_end_b_ipl" value="board.icu.common.irq.disabled"/>
      <property id="module.driver.adc.voltage_ref" value="module.driver.adc.voltage_ref.ref"/>
      <property id="module.driver.adc.over_current" value="module.driver.adc.over_current.enable"/>
      <property id="module.driver.adc.pga" value="module.driver.adc.pga.default"/>
      <property id="module.driver.adc.pga0" value="module.driver.adc.pga.s1"/>
      <property id="module.driver.adc.pga1" value="module.driver.adc.pga.disabled"/>
      <property id="module.driver.adc.pga2" value="module.driver.adc.pga.disabled"/>
    </module>
    <context id="_hal.0">
      <stack module="module.driver.ioport_on_ioport.0"/>
      <stack module="module.driver.elc_on_elc.0"/>
      <stack module="module.driver.fmi_on_fmi.0"/>
      <stack module="module.driver.cgc_on_cgc.0"/>
    </context>
    <context id="rtos.threadx.thread.378640711">
      <property id="_symbol" value="adc_thread0"/>
      <property id="rtos.threadx.thread.name" value="Adc Thread"/>
      <property id="rtos.threadx.thread.stack" value="1024"/>
      <property id="rtos.threadx.thread.priority" value="1"/>
      <property id="rtos.threadx.thread.autostart" value="rtos.threadx.thread.autostart.enabled"/>
      <property id="rtos.threadx.thread.timeslice" value="1"/>
      <stack module="module.driver.adc_on_adc.1904216187"/>
    </context>
    <config id="config.driver.cgc">
      <property id="config.driver.cgc.param_checking_enable" value="config.driver.cgc.param_checking_enable.bsp"/>
      <property id="config.driver.cgc.main_osc_wait" value="config.driver.cgc.main_osc_wait.wait_547"/>
      <property id="config.driver.cgc.main_osc_clock_source" value="config.driver.cgc.main_osc_clock_source.crystal"/>
      <property id="config.driver.cgc.subclock_drive" value="config.driver.cgc.subclock_drive.standard"/>
      <property id="config.driver.cgc.subclock_at_reset_enable" value="config.driver.cgc.subclock_at_reset_enable.enabled"/>
      <property id="config.driver.cgc.low_voltage_mode" value="config.driver.cgc.low_voltage_mode.disabled"/>
    </config>
    <config id="config.driver.ioport">
      <property id="config.driver.ioport.checking" value="config.driver.ioport.checking.system"/>
    </config>
    <config id="config.threadx.thread"/>
    <config id="config.driver.adc">
      <property id="config.driver.adc.param_checking_enable" value="config.driver.adc.param_checking_enable.enabled"/>
    </config>
    <config id="config.driver.fmi">
      <property id="config.driver.fmi.param_checking_enable" value="config.driver.fmi.param_checking_enable.bsp"/>
      <property id="config.driver.fmi.custom_base_address_symbol" value="g_fmi_data"/>
      <property id="config.driver.fmi.part_number_mask" value="0xFE00"/>
    </config>
    <config id="config.driver.elc">
      <property id="config.driver.elc.checking" value="config.driver.elc.checking.system"/>
    </config>
  </synergyModuleConfiguration>
  <synergyPinConfiguration>
    <pincfg active="true" name="S5D9-PK.pincfg" symbol="g_bsp_pin_cfg"/>
  </synergyPinConfiguration>
</synergyConfiguration>
